provider,token_amounts_a,token_amounts_b,fees_a,fees_b,token_supply,event,logIndex,transactionIndex,transactionHash,address,blockHash,blockNumber,block_date
0xEa508F82728927454bd3ce853171b0e2705880D4,0,0,0,0,158050851028204578791347,RemoveLiquidity,368,84,0x294aec091296f456aa731f8c3d6cd1051994f2725959c68765a8f1d17d4cc5b5,0xDC24316b9AE028F1497c275EB9192a3Ea0f67022,0x2c237919c60967b0fdd90eb98f1dce54c31fad96690e3805226c6b32bbde66b7,18072220,2023-09-05 19:00:23
0x473C6494180ad9Cd726f8a7a51cF8e88Bbf72bc6,8316635477497438768,8405189276797795629,0,0,157939312672416891127390,RemoveLiquidity,270,140,0x7f09723d8d95574118f95559a982cc20efb472d5a51629195b41e74756264230,0xDC24316b9AE028F1497c275EB9192a3Ea0f67022,0x510cd8327fcdd17035e9b9a3d2354f84120309892b1a936cbb81049426b9efa4,18076704,2023-09-06 10:06:11
0xEa508F82728927454bd3ce853171b0e2705880D4,0,0,0,0,157924873595987133784947,RemoveLiquidity,292,108,0xb0d55625837f067c329c0f05111dc70c64365b3d99e897b1567a7b1d89bb27f0,0xDC24316b9AE028F1497c275EB9192a3Ea0f67022,0xe7df698c07fe432ae4a32b3b52a7d18d1789a7f8fdd0df171e36e0086319b435,18079349,2023-09-06 19:00:23
0x0C16480277aEa9585Ed345fFf1B64855ccFd959d,5983926151499956102,6125370599504863484,0,0,157903894409893045151139,RemoveLiquidity,154,45,0x3a97a52df1d5933fd11ccb79ab1bb853660bc8ebb88967de29e1c2caf25a05ee,0xDC24316b9AE028F1497c275EB9192a3Ea0f67022,0xe950870ca17b57123bb985fd3e7ece0b1e5204ced4d9eafa169fdfeb1680dd93,18079749,2023-09-06 20:21:47
0x2FF45e654929b8eB049E52B55F1178e76528F45f,5582866792322972,5655823564622859,0,0,157892185871228972278070,RemoveLiquidity,283,87,0x3f2cd7ae6f43569625ae08231445a5ca5c6d6e411cdb96748954c522f47507a0,0xDC24316b9AE028F1497c275EB9192a3Ea0f67022,0xd0b1200cceddb6af96d7bead4df4f1bba0e8859ca09c41b2fe8015f86f91aeab,18083220,2023-09-07 07:59:23
0xEa508F82728927454bd3ce853171b0e2705880D4,0,0,0,0,157867793228353101420839,RemoveLiquidity,312,87,0x3325b33030b96ea14feb42ce42cd249394afe0dffe292c828301063cff289ad7,0xDC24316b9AE028F1497c275EB9192a3Ea0f67022,0x2f5d29a231b9f61fe6f3683ee029841f3bf010ae7581174ac78f6ca91f807987,18086496,2023-09-07 19:00:23
0xA3501719d05DFF02Ecf1B11468E79f77ff210201,397950549023613155,401561816491095538,0,0,157817980934335281893547,RemoveLiquidity,133,97,0xdef50ad6533763a98a1191e581797e50fd6c88620661a95eb646ce8c2ccf910d,0xDC24316b9AE028F1497c275EB9192a3Ea0f67022,0xe0ea4a4c4de22e977845ead806fd0608aa5539f08650f60a223784fc6bdbdda2,18090144,2023-09-08 07:15:11
0xEa508F82728927454bd3ce853171b0e2705880D4,0,0,0,0,157816752110160194671072,RemoveLiquidity,107,40,0xca725fa76baf68843e1444fc84c3fa78827f6d07ef79ea2b7911e2fa89fb861b,0xDC24316b9AE028F1497c275EB9192a3Ea0f67022,0x7e39e555c77f210764e8295d0adaeb54998a2bb08059626aa1495cd71853a089,18093642,2023-09-08 19:00:23
0x87A22d34C77e0775ef82Aa03F7c79F8eF61bcB77,16210808067986362523,16377240131519431386,0,0,158203581327585581804096,RemoveLiquidity,352,127,0x5d25c65a18d907927624eb0d3dec1ac50c50b5939924d12a338ef28a95381eb5,0xDC24316b9AE028F1497c275EB9192a3Ea0f67022,0x891a4d226113534dafe8d356cc9ccf5269b5aaed07736aba07bdf8f3a5317dcf,18099871,2023-09-09 15:57:47
0xEa508F82728927454bd3ce853171b0e2705880D4,0,0,0,0,158195413198113733109730,RemoveLiquidity,521,393,0xb5dc6e9f00e69a4016cb55bdb690c5dd6e8123f7ed0efc58063191553e4eba90,0xDC24316b9AE028F1497c275EB9192a3Ea0f67022,0x06cbb33ea549295acfb8406cc7640db6f78e126e0db51ef31d89333b82162013,18100777,2023-09-09 19:00:23
0xEa508F82728927454bd3ce853171b0e2705880D4,0,0,0,0,157927255118865789194714,RemoveLiquidity,157,32,0x4f7403370cccef2b1f535365e62028563ea1b2aa300b293c277a5c514ed0e45e,0xDC24316b9AE028F1497c275EB9192a3Ea0f67022,0xf9f62746e4c9388420c1f3ea19ed7fa7c0d42aaa0e6c55251333ad8b089b77dc,18107921,2023-09-10 19:00:23
0xEa508F82728927454bd3ce853171b0e2705880D4,0,0,0,0,157697483635044075731818,RemoveLiquidity,207,46,0xbc932b9cce7b8aa43de14406d8964d7183457e77a2f705c1d835cfdecaaba215,0xDC24316b9AE028F1497c275EB9192a3Ea0f67022,0x812153be1a8a51927d14a9ddfd1ccec3278a314f99447cedcf2258bf1b2512d7,18115057,2023-09-11 19:00:23
0xEa508F82728927454bd3ce853171b0e2705880D4,0,0,0,0,147915680594273473751182,RemoveLiquidity,288,69,0x1d09d8a150172c9c2318bdfd566ceb594ad52129470c1fd14868e0bd10fca484,0xDC24316b9AE028F1497c275EB9192a3Ea0f67022,0x85262a108001e9dfebd3f8b529d5990e443778a9cb69dc58ee068071b9d200e6,18122195,2023-09-12 19:00:23
0xEa508F82728927454bd3ce853171b0e2705880D4,0,0,0,0,147636238671991494903369,RemoveLiquidity,297,122,0xc05ca2c5a31b2ddcacd2e4f0e888b2ca57869b83a8c59f6558ac39b6ea473c05,0xDC24316b9AE028F1497c275EB9192a3Ea0f67022,0x14375cba48a37cb54dc48039f3fd0e327395cffaccd1015650430c96499957db,18129322,2023-09-13 19:00:23
0xEa508F82728927454bd3ce853171b0e2705880D4,0,0,0,0,147386289184876383742537,RemoveLiquidity,563,274,0x2d733c53d8b9ed9e1f41aed3928ae57d5928638f24e8069cf0c0be3cb0ab7760,0xDC24316b9AE028F1497c275EB9192a3Ea0f67022,0xa154c427517a15d6e4d52de88e7a9bb1e999c8c7733136cb74df4adf46bc9cc0,18136445,2023-09-14 19:00:23
0x820C0E6343e1C43B6bEcaBf03e3b4D26Bd43A803,19926364176168371,20022963335070478,0,0,147360249772683000086754,RemoveLiquidity,106,43,0xfddb965daf5ca20ce612e69b38710bd1d0a3671dcd1c0c3069b9b3483d08e12d,0xDC24316b9AE028F1497c275EB9192a3Ea0f67022,0xd8b7e5e8ae75270923f204786d130d59f52df76b57dd31a57582685974a88e41,18137863,2023-09-14 23:46:59
0x6C8ede45e6fcaA071719676940D8ace2C6A02812,17894748698181081035,17946715046199275406,0,0,147312435143776302361548,RemoveLiquidity,423,167,0xaa482c120ca80e7f9a203687e6c3346094ebcf4debc4584b443f536a6064c21a,0xDC24316b9AE028F1497c275EB9192a3Ea0f67022,0x025003918fe35b1ee468e56e88be6f4ad0d033bb75c8e0ce07ac028f33829b79,18140706,2023-09-15 09:23:23
0xEa508F82728927454bd3ce853171b0e2705880D4,0,0,0,0,147312018873645606972345,RemoveLiquidity,230,66,0xb8769b7f28afc2ced51753a18b2611b36521d53a61bda8c8888dd2768c134d19,0xDC24316b9AE028F1497c275EB9192a3Ea0f67022,0x286ac77b61cbf92b012aec59377b70d85601f993791668c5945f999459eea465,18143543,2023-09-15 19:00:23
0xAb224D76A76CDf2716b56993D682f05284Be1088,446937197353889523,450861332597732154,0,0,147311932962794289964096,RemoveLiquidity,141,80,0x2b1882d4904b25f24c6f55fada65f6a8945e763719c7e640ddd37f944427b32a,0xDC24316b9AE028F1497c275EB9192a3Ea0f67022,0x170dd1a0a3198aa36b8308a6a8aeacac6e11f55f3d6ecb99be636c60f9d4ed4f,18144683,2023-09-15 22:51:23
0x7A44388EE600786b4116d0df718A2dcfAda42BfD,99907029332692457,100619584227163059,0,0,147305955898459010594004,RemoveLiquidity,501,130,0xd80116712aac7c20623c4287703ef1b4cdcc9826e65473ee7acb4fad44b71394,0xDC24316b9AE028F1497c275EB9192a3Ea0f67022,0xe0c347bd7cf04f5b1de18291dfebb94bda7b9635824a9ac927800813a2b0b6b9,18145746,2023-09-16 02:27:11
0x2F03CE8B4e68b860Ea89a59010F964E377fc058C,1364078607955770847,1377596874841372985,0,0,147305955898459010594004,RemoveLiquidity,146,70,0x117595dbb879b0b12c80416ec592acfcad9f1c88b19b3a923b65f01c949ed25f,0xDC24316b9AE028F1497c275EB9192a3Ea0f67022,0xaaf598f8b7009bd17ea66dd5c12f94d0ed635a4bc7583cb3c9d19d9fc6890e9d,18145851,2023-09-16 02:48:23
0x9991897C5ccBBAD24Daf6CD450A3E233E593778c,3430198085235331343,3464191971596604858,0,0,147299573199880980077786,RemoveLiquidity,191,73,0x824ebb812ec6bc62c5a66e26fabef156bb3f3fe65d0c0ad8e2a32120995abba7,0xDC24316b9AE028F1497c275EB9192a3Ea0f67022,0x9ceb8265bee76b315b4653f0d67eaeb5eb4c860234c4db9b1afd967fdb0ace9a,18145871,2023-09-16 02:52:35
0xF0D98b95BBbE6e3007703C99A9FFC3D9f5b581E6,6983640620407344,7031251541064098,0,0,147294721110972152997011,RemoveLiquidity,263,98,0xa7990e9d3d902619385e47bce192504fa55d017921492308df1a0aa9dbb28ae2,0xDC24316b9AE028F1497c275EB9192a3Ea0f67022,0x2a6c536deb687aebcf527b30b28e14f7190158b479782bb3658b3af8ef9ad778,18147860,2023-09-16 09:35:59
0xEa508F82728927454bd3ce853171b0e2705880D4,0,0,0,0,147291030583523590713336,RemoveLiquidity,308,110,0xbbfde46704269c81eec2a7a525dca1ab4abbed8af72eb351bb727e1f828ced47,0xDC24316b9AE028F1497c275EB9192a3Ea0f67022,0x4a3d19614e9103417189f5fdab6bbd682f2262ed29d93a7cec606403d82a0b06,18150630,2023-09-16 19:00:23
0x763e5Ee526674AE4e86A22F23dAe5Ea08df48c98,2592260348676144023,2598706962217131400,0,0,147212898351961654699595,RemoveLiquidity,141,91,0x389adfee860f4cc1b558df6c551a16da2093fc61996ccbf2bcc217c501c0b68a,0xDC24316b9AE028F1497c275EB9192a3Ea0f67022,0xa96fd5f71c19cc67b85962d7cc371c2df402b8c1d6aa3a04e8b89731f8bab9d7,18156958,2023-09-17 16:34:11
0xEa508F82728927454bd3ce853171b0e2705880D4,0,0,0,0,147212855939695413481056,RemoveLiquidity,242,117,0xf13c45df874ac43c9c8847cfbfd86ecafa4304c2d577a2cdd7c8cd33d466480a,0xDC24316b9AE028F1497c275EB9192a3Ea0f67022,0x26031b28d76d6bbd7debf093f39543ba2f8a07dbc53ec6a668b9319bb5cec110,18157674,2023-09-17 19:00:23
0xDB7D442eC0Aa65Cf40dD6FC5ba9f950b6D0233d5,158900846594295125,159521322156601558,0,0,147215114764977284215133,RemoveLiquidity,110,38,0xd6cfb0944950eaab48ebec310c2c27f6146d1d3c961d5bee2d4ec084b42c94c9,0xDC24316b9AE028F1497c275EB9192a3Ea0f67022,0xf075b97759a9bfbbdd0ad7bfe1d51f45f5a8294af45ee578679f9dedbd047609,18160654,2023-09-18 05:07:11
0xEa508F82728927454bd3ce853171b0e2705880D4,0,0,0,0,147075085918367833671012,RemoveLiquidity,278,91,0x0f9defc72fa7c69f15e46f703407e8cbf326ecc6f0507ea82672a98eaa4049e0,0xDC24316b9AE028F1497c275EB9192a3Ea0f67022,0x6eaf029c4082f50c57396dd3829b1b71b42dca324fd2338f391b07844fc638fe,18164768,2023-09-18 19:00:23
0xEa508F82728927454bd3ce853171b0e2705880D4,0,0,0,0,146956425179731935642372,RemoveLiquidity,559,189,0xebf0409cff4f44d7f76a37344e2af1840a8d254086aa5ebbbaf0411eed5ffabd,0xDC24316b9AE028F1497c275EB9192a3Ea0f67022,0xc28903627f7a8a4ea3f45f392b43845628575902d8576b72bde536b21c44c19d,18171901,2023-09-19 19:00:23
0xEa508F82728927454bd3ce853171b0e2705880D4,0,0,0,0,147017437575211384300978,RemoveLiquidity,707,136,0x301c7e0bde5a6c75c6dab2d6147fc49c9b34ce70c187121df7eb9b0a74962434,0xDC24316b9AE028F1497c275EB9192a3Ea0f67022,0xd71c913cc124488d2f7f793028a0b389994c80e0f0c3385948b7c388ff128117,18179055,2023-09-20 19:00:23
0xEa508F82728927454bd3ce853171b0e2705880D4,0,0,0,0,147006484674069106821292,RemoveLiquidity,400,118,0x103ec0c490abfc6e9d9e262bed8539b05149f6e5e2d1bce8420a5e239938c302,0xDC24316b9AE028F1497c275EB9192a3Ea0f67022,0x1d7f8a66b1f6c1472b61cb6d8bbb4980a5949f6f0fa37175f8e1ac474902f8aa,18186194,2023-09-21 19:00:23
0x67F1b5c4eA708119713F318614b3bcaf47b0D4b7,272854083159339451,275276583952212674,0,0,146933911958541904013344,RemoveLiquidity,85,44,0x8cdbcb03fb8c02e0c5cbc5ccd7b25e05b91a2af363874397074047f03e51e39c,0xDC24316b9AE028F1497c275EB9192a3Ea0f67022,0xa427c7fa27f3d7954268afa74e9950b58d43b272517f2ac9e32fe5c0271b8083,18188895,2023-09-22 04:04:35
0xEa508F82728927454bd3ce853171b0e2705880D4,0,0,0,0,146686922208540446099681,RemoveLiquidity,188,35,0xa70822cea3f3f37b44438d56b8825ef01e0072d1533dc53fae1b1ef0672de600,0xDC24316b9AE028F1497c275EB9192a3Ea0f67022,0x8fdbeade83461943d5117af8ca94efc3e893f84d709b104a1a02c30befb48121,18193318,2023-09-22 19:00:23
0xEa508F82728927454bd3ce853171b0e2705880D4,0,0,0,0,146688141755996153767023,RemoveLiquidity,425,132,0x58bdc67854bd144d342b5cf2ab98b815d94ef4a44acaf2af87e46a1d71064fdc,0xDC24316b9AE028F1497c275EB9192a3Ea0f67022,0x82ef2d79f54e23947a7f8ea0950973aa22059070041cdc7405f83a3dd3cc3959,18200463,2023-09-23 19:00:23
0x225bc778fF20a3B50a06e9A2fFadf7CCd5d7728e,538664111994849729,541937543132071673,0,0,146709728330909749327438,RemoveLiquidity,75,22,0x7763c08432e7dcc5c0859c459decc1be109c70c7c18d5445d3ed870fc1502d09,0xDC24316b9AE028F1497c275EB9192a3Ea0f67022,0xa7de290db2bd2341371fcecf91428fb931d8d706eac8c233fe79bdee5da2950d,18203289,2023-09-24 04:30:23
0x225bc778fF20a3B50a06e9A2fFadf7CCd5d7728e,9411496767717128309,9468689897542038121,0,0,146692256780153162858436,RemoveLiquidity,47,23,0x77bfe37e575d545e4eade11f8cb92762cb5df5aaecaabd3c3667f48b0b844470,0xDC24316b9AE028F1497c275EB9192a3Ea0f67022,0x636ae3cfc28cae4baf2afbf8ba9b0fa423a08eced0b9c39c2adb677260026b13,18203426,2023-09-24 04:57:59
0xEa508F82728927454bd3ce853171b0e2705880D4,0,0,0,0,146687509762989904449627,RemoveLiquidity,226,88,0x233ae46fee60237de8e3a914c22087cb0f3dd8a3bf96cab88370ffc3aa98cb61,0xDC24316b9AE028F1497c275EB9192a3Ea0f67022,0x28de19e26eca1d911121858179885193da57f73a68feaa178eb7c8ed7af82a09,18207600,2023-09-24 19:00:23
0xEa508F82728927454bd3ce853171b0e2705880D4,0,0,0,0,146487790073011927292162,RemoveLiquidity,77,32,0x2a1bc3a295cda6494f77243f7320a36cc5c258240b1ebeb274ccdcf7ba76274c,0xDC24316b9AE028F1497c275EB9192a3Ea0f67022,0xd7363becf497df0a44bcded0a352375f1b3e4e2e540dc66007fee717e6da0ee9,18214750,2023-09-25 19:01:23
0xEa508F82728927454bd3ce853171b0e2705880D4,0,0,0,0,146496301721688111993361,RemoveLiquidity,633,315,0x7122aabb45d6ff6eeb5eb1ab374239acc5ecceb45d7bab52a42bfdf03382b17a,0xDC24316b9AE028F1497c275EB9192a3Ea0f67022,0xa733d08091896795dbe6a26f0f626f9204eb78bf3cfcc60791076d9e434ba1e7,18222192,2023-09-26 20:00:23
0xeF3a3737a7aEF456e67CAf52c606a434954a05cb,79831422341545936,80249854843695454,0,0,145612014254393072024182,RemoveLiquidity,67,40,0x13431615fe3ffb1c00237440fc47d95e7e66d6b3c85abae7fb5c7fa862be8904,0xDC24316b9AE028F1497c275EB9192a3Ea0f67022,0xb41769456fedb2e66e0af1c9ba3093140f3c661549e7699fb759d0a46fe57aaa,18227236,2023-09-27 12:56:47
0xEa508F82728927454bd3ce853171b0e2705880D4,0,0,0,0,145505610958838817802420,RemoveLiquidity,414,144,0xc83d18d388d55a5335eaf7a2923cdd2bbabc8288466478f53356b6182b1fb7ea,0xDC24316b9AE028F1497c275EB9192a3Ea0f67022,0x167f620136fbe7e64273b1f3125bd70984f77ae4eb6532bfb689fc0aa3fafeac,18229338,2023-09-27 20:00:23
0x01e6fd0aE73D9194b19f9B376065577927A0D5f5,11277280470308396551,11346364589043783718,0,0,145454191106190665465492,RemoveLiquidity,51,37,0x1ce6acae406068664665ac08b699e6abe1c65e35e93fb02e5febf0df8baffaee,0xDC24316b9AE028F1497c275EB9192a3Ea0f67022,0xae51ad104e222edabb06230639986936593a36d1462aae1344b2a2d32cf7cd2d,18232064,2023-09-28 05:09:23
0xEa508F82728927454bd3ce853171b0e2705880D4,0,0,0,0,145273941254284039803111,RemoveLiquidity,482,152,0x5c5e21717536c666fac152334e563bc64f0ab026ad4b2cdbd45e4eaad4c1912d,0xDC24316b9AE028F1497c275EB9192a3Ea0f67022,0x5c94dac94643f5ce9b854a4b2b1bc91881e810d7f07f51bc06fb406e23f91db5,18236475,2023-09-28 20:00:23
0x1f84Ca2C0A406b32e083E4E41032FD148364Df48,242815752492023737494,246057351018816076483,0,0,144129542935507107027899,RemoveLiquidity,192,65,0xc9a3e8ddd71ffd0c23c88edd924290564eeaedee79e207e0fcfd58a9d47fc3bd,0xDC24316b9AE028F1497c275EB9192a3Ea0f67022,0x44d53b5f11b079c881f6bdaeac933a3a7ead4553babff2d8c3a0084d964917a6,18237214,2023-09-28 22:28:59
0x5F8f52DDc15990a45ba5AaB85dFd9fdfae11B661,12942349491403414953206,13011206501711296346031,0,0,119239631618256428344961,RemoveLiquidity,348,152,0xf840ebaaaa82a557e912cd7101d09c55059f3db3fc86bacc099e42650f1d54ca,0xDC24316b9AE028F1497c275EB9192a3Ea0f67022,0x58680e2af906e58e0a11a6debe66fac034aac7262629d4c8e67f445e88f9caa7,18238983,2023-09-29 04:25:47
0x7bf0ab0D8002BE53773df9B6F4620AF4234b6f59,10787485478511642,10842147260627481,0,0,119239660373427586239456,RemoveLiquidity,58,33,0x9fddb2ed283d4e0f003e74d8e1366ba674de74b0cbe61ed11db1771128253265,0xDC24316b9AE028F1497c275EB9192a3Ea0f67022,0x286d25193b0b1b657df1551888ffa5b4f381c4386033ea6c8bb73653bef7708d,18240304,2023-09-29 08:52:47
0xEa508F82728927454bd3ce853171b0e2705880D4,0,0,0,0,118977889340583582361851,RemoveLiquidity,554,230,0x25dc5ce1f6cd8f58fea794565a6c3936d719572ade87f58599f502e39f35248f,0xDC24316b9AE028F1497c275EB9192a3Ea0f67022,0x01c1acf6be59f2fd4ecc4d31bef837140824475c7ade6cfd9035c5ee3da27fd7,18243615,2023-09-29 20:00:35
0x6aa1FE4b4F69D2b87646A165b6A89DC489010021,9972591015579621450,10027411452514954312,0,0,118977889340583582361851,RemoveLiquidity,199,55,0xd44f02dd1580478930809a9624299292bd3a9c6f7cd9e54447e983130a3bcb66,0xDC24316b9AE028F1497c275EB9192a3Ea0f67022,0x9d5fb64faeacb9577d46381f1246e028d4793e89e5ce4d6f6b734a1c913f0f86,18243682,2023-09-29 20:14:11
0xA3A179230115bf7e62709c4570Ef323727c2a958,74576693852245532,74955196147976722,0,0,119008885708465778749609,RemoveLiquidity,306,150,0xd5446c2440fcc29db9205d1837bcb3f5d179d6a8934941d70c96f5592a1f8e8d,0xDC24316b9AE028F1497c275EB9192a3Ea0f67022,0xaab953785ab5dad0da1ffe8dabacf8d154a2aa57ad331f4beff07827a892bd20,18246385,2023-09-30 05:18:23
0x3E3Bb0Dd6E23DC9B19a4aE6b21593BeB6afdF4CC,1006542494159196350,1011771574047142378,0,0,119006082195318758159523,RemoveLiquidity,63,44,0x06bc70df8bb3cd4ea6659759a8478ae50e39e00eb07e5dda353782b50636ad8c,0xDC24316b9AE028F1497c275EB9192a3Ea0f67022,0xe456680736a25994873cc7635f4f074bc4530ab7258d6c3e8564cc117260fd8d,18247048,2023-09-30 07:31:23
0xEa508F82728927454bd3ce853171b0e2705880D4,0,0,0,0,118914173667330903084976,RemoveLiquidity,167,30,0x7ab724c77f5b8b06f3c792687256e47ca003ee656c46583b43ca73c46c06cf60,0xDC24316b9AE028F1497c275EB9192a3Ea0f67022,0x7b9ad08f01c7b6f04b22744e582709cd397758128078539cb2e9eaacf7ff23c2,18251067,2023-09-30 21:00:23
0x26989E7890E424cB74Df04Bf8Fe1C8514E021503,16151556574294377,16226361829855954,0,0,118469602718689397985130,RemoveLiquidity,158,69,0x6f2f2c520608200e76d9795ea8b3db6548e7a3ca1744dfc3077546b20d801247,0xDC24316b9AE028F1497c275EB9192a3Ea0f67022,0xa9313d968bd311d5711883dac05d0f16c0249076f76c7be16691597347f52128,18258062,2023-10-01 20:26:35
0xEa508F82728927454bd3ce853171b0e2705880D4,0,0,0,0,118469602718689397985130,RemoveLiquidity,500,150,0x638816d19897471641b34fe89983e6074b052c1ac5b7b040680f367862920efc,0xDC24316b9AE028F1497c275EB9192a3Ea0f67022,0xc35e8fa3b7412e9d134d906e9e27423c9a05227039a1991253700a608ac5175a,18258229,2023-10-01 21:00:23
0xEa508F82728927454bd3ce853171b0e2705880D4,0,0,0,0,118489436678625792550634,RemoveLiquidity,647,249,0x515d913d50c8a79230a036822f971a39d179e1a288e410d1763804e9c6fceea1,0xDC24316b9AE028F1497c275EB9192a3Ea0f67022,0x0a1eb3e54779160204937e2204927b8a80a508e2c29e5cca99dd2b619348bd06,18265397,2023-10-02 21:00:23
0x2FF45e654929b8eB049E52B55F1178e76528F45f,61472717154317148,61857940097954483,0,0,118451742724882976972272,RemoveLiquidity,149,37,0x55c7ba3c5d71b23af340c7a53eaf69b58170b3c079f2f06703250e2031baef54,0xDC24316b9AE028F1497c275EB9192a3Ea0f67022,0xc6e64c8e60cea5806511fc0a95cc7f5a4b2abfddd6cb9d2096dd672f97c7f13d,18266468,2023-10-03 00:35:23
0xEa508F82728927454bd3ce853171b0e2705880D4,0,0,0,0,118503535650680637471398,RemoveLiquidity,186,47,0x4c20d9574cd8d642c97f57f0ce183acd4b56d6e4aa9d610e2076474e2976f320,0xDC24316b9AE028F1497c275EB9192a3Ea0f67022,0x971c7adb09237eab102a2e304aafba7754e6a44c7864048e726a4b26cf5071e9,18272546,2023-10-03 21:00:23
0x31401f05D9F12D2F46c357783833d65540e62C1E,30042884735509092955,30169747548649739178,0,0,118424740898828406347125,RemoveLiquidity,194,33,0x43d5d1712a3caf73afdca7d36370cbabb052469a16b53cfde7a48a273d063d58,0xDC24316b9AE028F1497c275EB9192a3Ea0f67022,0xab753fb20b30d4a4d08c29d914d012dd9093c85ae4e23b90b6f7f8b296d5a31b,18274265,2023-10-04 02:46:59
0xEa508F82728927454bd3ce853171b0e2705880D4,0,0,0,0,118435504827937897037238,RemoveLiquidity,333,196,0x0957ad014d1604cb0288a142e4b726cf172fcacbc71c76459ea191d2afd599b6,0xDC24316b9AE028F1497c275EB9192a3Ea0f67022,0x55f9a194732a93d670044a506411a64196f2560e766996ffbafe630d28287775,18279699,2023-10-04 21:00:23
0x9Fc34aa46bd4cC5C452D3e8150D27C48fBa82eBc,907763604931117197,918689621649530531,0,0,118463896135873143954349,RemoveLiquidity,184,62,0x5a7914565457cbc25433f6268647d25acac1ebfe7aa85bb9d1ff9b150e93c7bb,0xDC24316b9AE028F1497c275EB9192a3Ea0f67022,0x6b05ce4032fe507deb5d657149000d2361f43e30d37ba7fe5dc09ebb2279373a,18283319,2023-10-05 09:08:59
0xEa508F82728927454bd3ce853171b0e2705880D4,0,0,0,0,118290241951204315952644,RemoveLiquidity,441,154,0x006369842191f8e355f69313379b768eca4a18adb547596c4e5e3b110b3e19a5,0xDC24316b9AE028F1497c275EB9192a3Ea0f67022,0xce88d20cfec7821320baaf150a4df76975070ec4f3279f02c71b072294cd3bea,18286848,2023-10-05 21:00:23
0xEa508F82728927454bd3ce853171b0e2705880D4,0,0,0,0,117994149277093164946216,RemoveLiquidity,295,133,0x4890027e7ebff8082bba8755803b69b88745dfc7e4826fabba673c6375de5431,0xDC24316b9AE028F1497c275EB9192a3Ea0f67022,0xe2c9b943c0778ec4190d436de483611bd515e9d3b5a5bec457fe5dabf37de169,18294002,2023-10-06 21:00:23
0x74af1426A5490758253604538233c686c465465a,6993058769046362,7006940980889465,0,0,117994239414041350839154,RemoveLiquidity,149,52,0x3cd45006c57648b62a69decb48c420978d6dc7bd51a645ba249b4863a0ea8b03,0xDC24316b9AE028F1497c275EB9192a3Ea0f67022,0x34bb42be844d6bf45687c1cd9d5aa8845668c866ac1313642e0d6b696704e948,18296996,2023-10-07 07:04:11
0xEa508F82728927454bd3ce853171b0e2705880D4,0,0,0,0,117963987140381381449603,RemoveLiquidity,673,184,0x7b361d162ec7d2eee54484b156aa999e9d0230b755055b061f17b1662ee43469,0xDC24316b9AE028F1497c275EB9192a3Ea0f67022,0x2d8e4dc044fb9273804ba011cc99cd4cb70e1a1faba9111e72127852abdddb15,18301155,2023-10-07 21:00:23
0xEa508F82728927454bd3ce853171b0e2705880D4,0,0,0,0,117949710148724997065324,RemoveLiquidity,254,116,0xc98ea241eac98aeffefd8e9b148234efdec20564a7a2c65cf9365f3eaeed24b7,0xDC24316b9AE028F1497c275EB9192a3Ea0f67022,0x1536e7fc62dafc4405ee5b673d4386356645215109a7b1448602445db0c40473,18308302,2023-10-08 21:00:23
0xa38c625130a360C96a3BcBAe1c362bd38C5cA2FD,782217283575962248235,795000000000000000000,0,0,117948785308410389291568,RemoveLiquidity,169,63,0x17fd193775a52c7f35f4fe245defad613a3c386d13a4eb525808d277f195aed8,0xDC24316b9AE028F1497c275EB9192a3Ea0f67022,0xbb4cfae2a62ea98a8588f32608e2d2cdcfdc5b25d0a4cd35dbc140b692db91d1,18310645,2023-10-09 04:51:11
0x890ecE5c00fEbD04Fcf0eB7Bc0D1E215f0D9BCAa,1642845543221262899,1654226878692521420,0,0,117981585218552752225093,RemoveLiquidity,399,136,0xc7035a5fc50f1d5e3c519a7d8d510bf7da85427853cedfae72b74f76354cd3b0,0xDC24316b9AE028F1497c275EB9192a3Ea0f67022,0xb1fff74693c619112e2435768c4146686bb258072c53abab0be0b25a7da7eaa6,18313431,2023-10-09 14:11:59
0xEa508F82728927454bd3ce853171b0e2705880D4,0,0,0,0,118016766377835405036780,RemoveLiquidity,590,159,0xda165158936baa3c4a86b825a93306341aa1a4891fe0feb8731f4f78af0f4eb4,0xDC24316b9AE028F1497c275EB9192a3Ea0f67022,0x62ee13cb2483c5316020fe4b326ac78f0ba3bfdf2408996d88ea35034b122b2c,18315452,2023-10-09 21:00:23
0xEa508F82728927454bd3ce853171b0e2705880D4,0,0,0,0,117407471381334011206307,RemoveLiquidity,226,102,0x3aae634ff0224a6d6bd5bf009ede3b0f6ce866e271a74a76a60972aeb7b87bf2,0xDC24316b9AE028F1497c275EB9192a3Ea0f67022,0x8fd1edc998eb121275b334d3da2efaa5d9c9040dfbe7e7ce02453164231f4134,18322595,2023-10-10 21:00:23
0xEa508F82728927454bd3ce853171b0e2705880D4,0,0,0,0,117388291856801985905663,RemoveLiquidity,544,250,0xae7d86ee18ab3fa5dbae12a1e763d8058dc9a5f1a20a43e13a829b0e341b84e7,0xDC24316b9AE028F1497c275EB9192a3Ea0f67022,0x9abcebab1351b1809dc2b8d497b4ac4f565147d9f5c3d7ecb4bf7d3c926ae64a,18329732,2023-10-11 21:00:23
0xb4b472109a165c229F85aF509601D1a9D0f19A57,5009935959738975,5048666039535972,0,0,117387013978477068196668,RemoveLiquidity,127,47,0x96d03ac40bb7ed316689b4a5ace86e9a0918aecb314fef4148815da460262e65,0xDC24316b9AE028F1497c275EB9192a3Ea0f67022,0xc6dc8b188fe6d4c05db5a66703760cbef8c072b39828b60cfe8a246acbdd66ab,18331523,2023-10-12 03:01:47
0xEa508F82728927454bd3ce853171b0e2705880D4,0,0,0,0,117416345739946575261139,RemoveLiquidity,99,26,0x83ce440caf1fd931bf632475a2bf0283ad611875b37ad54d9effe292e428a135,0xDC24316b9AE028F1497c275EB9192a3Ea0f67022,0x0f4df45308e280e5371063eaf40a05b6f28b44514075a1ea852eeb400e01fe1e,18336877,2023-10-12 21:00:23
0xEa508F82728927454bd3ce853171b0e2705880D4,0,0,0,0,118121484257275164203907,RemoveLiquidity,323,121,0x100c56d8b18b4500aff824687c098d3a8a7617381e3a32f118908fe4fb62e767,0xDC24316b9AE028F1497c275EB9192a3Ea0f67022,0x085f41c4c08aea473c999790b3438c434273c6d73c8d735f60610e7f6885919a,18344013,2023-10-13 21:00:23
0xB392A5862C979BbE804810B19811548Feb6Fd434,177908106506846198,179416817769232552,0,0,118119185660793137047457,RemoveLiquidity,40,13,0xe782ab76ee86a6da2b3b20ffd1ff765158023068c8b7cd49fe6096bbb9b47cef,0xDC24316b9AE028F1497c275EB9192a3Ea0f67022,0xbbd14a7133523eec3e2649a9c7fe0a6a176be9b0944d10a09280dee903c69cc2,18347875,2023-10-14 09:57:59
0x73C01eD079DCd682a2f801Dc7B7B9b9eeA362D88,12456130308763282383,12556269793873128599,0,0,118096048506956190474453,RemoveLiquidity,235,96,0xb7b889ff08cda73c5051b3a7d7a4c85b14a31136c8b42472aba15afd28228b06,0xDC24316b9AE028F1497c275EB9192a3Ea0f67022,0x281632e69cfda932190553ef4e2cbcaa71c1a6250d20fe302d07c16eb388dfc4,18348066,2023-10-14 10:36:23
0xEED09EFAE798bebaB6EF6849c58aB84fA735A3DE,495266492082847951767,500910027066043590147,0,0,117175134399250203601026,RemoveLiquidity,95,54,0xcc3ef0211ffb836e918c9bdbee620469cda1594b66a659b4bfad8755ad9e58ea,0xDC24316b9AE028F1497c275EB9192a3Ea0f67022,0x62c60019f6da30155f61663cd826f4b9caf96900f219a386f731c3d8625d92d6,18348827,2023-10-14 13:10:11
0xEa508F82728927454bd3ce853171b0e2705880D4,0,0,0,0,117163274423403837247266,RemoveLiquidity,345,121,0x5c5362d56b478b62d5a459c806427ce7d745116ab7a5ae70990ed4fb7e0ceeeb,0xDC24316b9AE028F1497c275EB9192a3Ea0f67022,0x78ba6045a64a94287f2cdeab91a7fe4a342b271fa007d9571fc4d704b6fd1e96,18351164,2023-10-14 21:00:23
0xEa508F82728927454bd3ce853171b0e2705880D4,0,0,0,0,117183002347712007113608,RemoveLiquidity,113,81,0xe6774ef7f467f6ccc97da18b1d04184bc8da7f388c04db0e0815303fba4a77aa,0xDC24316b9AE028F1497c275EB9192a3Ea0f67022,0x03991fb9b0af06f12efa6d62e24cc492c597b4d5e4cacc2bef4ce1effac93313,18358322,2023-10-15 21:00:23
0x19282E37B5319727501e9577D79dBCDF43803883,217403434543516203460,219807383823762394414,0,0,116805071839511115111933,RemoveLiquidity,173,91,0x6e3d00743b0ca3fea736844c151c7a1bda926bb6973ad6c97d1b1e51ed5ab125,0xDC24316b9AE028F1497c275EB9192a3Ea0f67022,0xb383d760a8a848300c210383518e194471d7ae4b4b5022a83683bcd8f41c6824,18360269,2023-10-16 03:32:35
0x63ba2A2CD8FA3764A587b8910Fe8851DE2Da81A1,70501346059934721739,71161125211232651390,0,0,116674118391178778484261,RemoveLiquidity,100,60,0x3daee393b9cd6be12fe71b68f058d700e6cfe20bae272eaea82ffae943edcd15,0xDC24316b9AE028F1497c275EB9192a3Ea0f67022,0x344ac1bf756b6d6dfe8875e4fa6c19336573845c348817876658c79377a5e56b,18361453,2023-10-16 07:29:59
0x0d055Df23ebeE6B85323A783B8550f11ED26dE28,9165223047155430,9233523130987739,0,0,116674118391178778484261,RemoveLiquidity,4,3,0x520f4b0e9b9b589b8de653d172c4f7a5060f953e19bb744e31e8d3289a397a7e,0xDC24316b9AE028F1497c275EB9192a3Ea0f67022,0xfb716463d0a29d88c27379532f22cb48063d2bded31b246d7950f3fc3482e018,18362476,2023-10-16 10:56:11
0xF4D5a5CfC043bf56C9D817A6Fa15E122B4cc3532,77090528779407639,77665832502797934,0,0,116673975333672907089392,RemoveLiquidity,187,81,0xff2c1e145bfe5c10a594d8ee22065cb89d886b03f194c1f8c1a3144cf1c45d36,0xDC24316b9AE028F1497c275EB9192a3Ea0f67022,0x1c4b169ff7cb1093f6d40766cd3fa4801a3c3403f4ebda5377cce037c4482950,18362636,2023-10-16 11:28:11
0x52372f2769c58955c851FE3C59C57cABB0c54CF9,1357794505468691658,1367970767840851289,0,0,116678601811074585506429,RemoveLiquidity,419,173,0xdb980ea54268381fef8ab16c85e0dd88a7c02a0232b300e670922cb7f3bd3b18,0xDC24316b9AE028F1497c275EB9192a3Ea0f67022,0x9b9f609a20b84806ec2011b098af6dc5101ef4c5f88a2974d788703e7162147c,18365101,2023-10-16 19:43:23
0xEa508F82728927454bd3ce853171b0e2705880D4,0,0,0,0,116678601811074585506429,RemoveLiquidity,513,131,0xca14861bb6fb505c3a729c49ad1dc7a25bc7eb21272bff0b5ee8de2c72f6f04a,0xDC24316b9AE028F1497c275EB9192a3Ea0f67022,0xb621287fa4527e0223f4e3cbc76086abce6f9ee2731fd96da0b883cd78c504a1,18365484,2023-10-16 21:00:23
0x08D407c1e92825616eB07820C9b38854b9c59775,3488121083886567671,3501712809513690437,0,0,116398217445899687889834,RemoveLiquidity,297,144,0xfcde2f5a5ffc968bc5b1d9c9bb26691caff9ab9424fb3f4dcdace6e2ed791131,0xDC24316b9AE028F1497c275EB9192a3Ea0f67022,0x76aca46c102189d1843af9313d1aca333d5b819ae844b28882cd7630ed6ae02f,18369902,2023-10-17 11:49:47
0xEa508F82728927454bd3ce853171b0e2705880D4,0,0,0,0,116407949019285300281445,RemoveLiquidity,138,37,0x19178cba521af9eb3cb2e9d222c59bcee61bca29acdaa4565febf58dc6def8bb,0xDC24316b9AE028F1497c275EB9192a3Ea0f67022,0xb86e7d27b9b510750738be408f47191b049d0798e655a2d88aee2210bfc4c423,18372635,2023-10-17 21:00:23
0xEa508F82728927454bd3ce853171b0e2705880D4,0,0,0,0,116298166298281700076171,RemoveLiquidity,469,174,0x54498ef343f3664564ae9d89969534fbe2da87d28300f4cb60ef766351c2e6d1,0xDC24316b9AE028F1497c275EB9192a3Ea0f67022,0x2ff306e88476d250502679ebf0c3987e0560035184658370835c147d88309f01,18379781,2023-10-18 21:00:23
0xEa508F82728927454bd3ce853171b0e2705880D4,0,0,0,0,116227505883869075485249,RemoveLiquidity,477,166,0x2cf7d7079795c212fa6e04cafabae0b322223f55f2bbf8f04acf3948fbad0c0e,0xDC24316b9AE028F1497c275EB9192a3Ea0f67022,0x21814056cf68beaf6a29ba66f0adf45d2e08f2b5d1e4d16c0093d36447a7ee10,18386922,2023-10-19 21:00:23
0xD5BB24152217BEA7A617525DDFA64ea3B41B9c0a,191666553190811464004,193640049916721083854,0,0,115871405196857002103894,RemoveLiquidity,280,69,0x23d70b5d9b2fdf7b06915320afd30b01b345307e3dca7391b94ef4686a3036bf,0xDC24316b9AE028F1497c275EB9192a3Ea0f67022,0x89aa9a07a6bda6dbe03e6db47ab6fc08682643059540d7deee0e2cc7086f2775,18387875,2023-10-20 00:11:23
0x281Bfc8Fb12DfC1C2dE67CBA0BaE5A729cCeBf42,15676184514046858086,15822055117872287829,0,0,115840345066429462201457,RemoveLiquidity,311,130,0x433ed886ed0fe5d144153be1531feff6560f17d7515e943073b6c8792d87b7f2,0xDC24316b9AE028F1497c275EB9192a3Ea0f67022,0xada69f3426cc3d684af4d21b7197aee78337a44c9a3303f0fb47753a31e0915f,18389056,2023-10-20 04:08:47
0xeC220Edb5B28C091981a113462dc801adFC58095,49946556623622603,50419779923171664,0,0,115841900465837983446235,RemoveLiquidity,71,45,0x5b4a3f57d79a90217f8216a0ba3e6a139d51807f8b35e41c8431a092281d2317,0xDC24316b9AE028F1497c275EB9192a3Ea0f67022,0xc012b554e3ec3a1d43a93c93ac84f939df6383dd830f7d86edc8733f02a76141,18389589,2023-10-20 05:55:59
0xa8F5c41a91C0602F1d412F0c2078c49272179CBa,696672977947876759,703327709764548131,0,0,115841900466022935128768,RemoveLiquidity,254,112,0x35ff77ac85d4ab3bb80365415f714442c1c7cc5e3c32be6fad4911017618c16b,0xDC24316b9AE028F1497c275EB9192a3Ea0f67022,0x8fe58be78261a728f0cb5e10c309711b56831cbbdc91b7efc141c42e519f4d33,18389750,2023-10-20 06:28:11
0xEa508F82728927454bd3ce853171b0e2705880D4,0,0,0,0,115811872208019742236764,RemoveLiquidity,483,185,0xf8ded97ea0eecd0dfa001a28c46587bf43314a73b76d49a46835268e26cf09a9,0xDC24316b9AE028F1497c275EB9192a3Ea0f67022,0x8274a92f5fb8e2dde021c71e56e79f7d8d61dc1f68cca601216cb5bd2919c787,18394079,2023-10-20 21:00:23
0x126977c208aAffDaD403CE995Fcf750e05ab9B2b,10003423320050237,10213877259717448,0,0,115809926536765895619870,RemoveLiquidity,393,116,0x93515b867876b7f72dbb16b35cf175886035addfefae39229451d8954892e8c2,0xDC24316b9AE028F1497c275EB9192a3Ea0f67022,0xfdb8c239747364494e2f1d64c9681680d26be6161fb2ce483924782daac91e00,18395342,2023-10-21 01:14:11
0x1c8b73FadEC1A1155aE9B3a4397cFdca36413d69,2022923544520173841146,2051682852665723370231,0,0,112053638635733666525971,RemoveLiquidity,106,29,0x6db5cc4078a130491794f1e7c50622b234503c91b27d76c1b76f74e3277c0b55,0xDC24316b9AE028F1497c275EB9192a3Ea0f67022,0x498a2c4518755cabeb7e8af710b246c1421a3381dbf8c2d3fdfd2bf889f341ea,18397628,2023-10-21 08:55:11
0xEa508F82728927454bd3ce853171b0e2705880D4,0,0,0,0,112048640070513142257073,RemoveLiquidity,302,171,0x994043ba48176d53ef8f193ae8913e7870f1524600a32535b3888df0999c1315,0xDC24316b9AE028F1497c275EB9192a3Ea0f67022,0x9c115eb9f047a14fe9b97b4cbf5d8185e2704c54e7c1707834c60e923aeb0b1b,18401525,2023-10-21 22:00:23
0x00a2291B319f194d2ACa901572Ee5389B9e372e2,714461723720523748,726666313888378216,0,0,112041520689201803344485,RemoveLiquidity,120,44,0xb534107a7780c2cf37c8e30b32d8f2ee79bf1e47e991d887159a390c58418437,0xDC24316b9AE028F1497c275EB9192a3Ea0f67022,0x62c496e50d8b288f41fe031d34a249d9312b28eff79402d80657a3bb76a8ae71,18403941,2023-10-22 06:05:35
0x436c14A6C9Ae5f05cE5A46a55E7f4b139a124e44,496065931584631269,504501769145136867,0,0,112040596064744359157046,RemoveLiquidity,156,50,0x305560df434bd1dd9b06aa6a6b490c5b27c8b256f8c2b67c040eeb5e95766ca8,0xDC24316b9AE028F1497c275EB9192a3Ea0f67022,0xa60f58b6be7e503ee4848fa749fa10d3c76fde6deeb693d2b09b1c0205591c59,18404426,2023-10-22 07:43:35
0x1246D5D68098e77F047D995396756F4772467be7,597667610655183004,602390861583400414,0,0,112045286516767947690916,RemoveLiquidity,351,155,0x2f747ad7295ad73a655e5570daf82a3beaafbd4152e8755974c3e548ae57e100,0xDC24316b9AE028F1497c275EB9192a3Ea0f67022,0x1a43577b2fd6cca7fd39ef5bb81572207c3122a66847335f147222874dbae36d,18406145,2023-10-22 13:30:11
0xDB29881875ec5d9BB9B140d7bb9f5B1620B5A606,801837595675530230,811255574956704941,0,0,112029981039596982516565,RemoveLiquidity,62,43,0x23331700bcf8882040128fba99e12a6f36337c552c5c4c7c0c16f2edda614fd2,0xDC24316b9AE028F1497c275EB9192a3Ea0f67022,0x8e5543fb99d922e40b66f138ad288061fc1767d804710da48d2bcb6ba7697c23,18407640,2023-10-22 18:32:59
0xe6bAdECBe699172456Da6c25156f76342DFbb762,3765533028597707,3809765567537185,0,0,112029974039596982516565,RemoveLiquidity,409,183,0x543c8b055eadb261142136f5d644a6731586fd05733c5a3f0a94d757b9c3d1d8,0xDC24316b9AE028F1497c275EB9192a3Ea0f67022,0x70759cb0185e75127090ba7176a6bb5e002e1b57f55c4af3c6d7c2ea7764c842,18407914,2023-10-22 19:28:11
0xEa508F82728927454bd3ce853171b0e2705880D4,0,0,0,0,112029974039596982516565,RemoveLiquidity,463,156,0xec0fca12f487513afa29dd1d68fe07f4ddc9a631a12ce8a8046c2c01ffbe9df7,0xDC24316b9AE028F1497c275EB9192a3Ea0f67022,0xb3e5cd9f0da1df2ea1b12e6f6474733e8d1d801135c7efa530141b1ceee366ad,18408673,2023-10-22 22:00:23
0x21515f765b58BB110f68135F4A49cCd2D8a63Bba,36409805709747818894,36640838188760598147,0,0,111962325931931104769864,RemoveLiquidity,77,38,0x17cedcf7fa5fad69bc7d0f4fcddd6dd4a3e0172b4889b9dca3ee2c7c620d0a90,0xDC24316b9AE028F1497c275EB9192a3Ea0f67022,0x53523ab81118c9767f8f5129e048f89737a394af21f4ded0703dcb5a9635bbf5,18410676,2023-10-23 04:43:23
0xEa508F82728927454bd3ce853171b0e2705880D4,0,0,0,0,111743414108757802454688,RemoveLiquidity,263,145,0x108dd6ae833169aa2ac1c456c2454bcc0e18e439f31f8afefd6d4e64492ec7a0,0xDC24316b9AE028F1497c275EB9192a3Ea0f67022,0x0bc4542790c90676aa7d0eba5a5d308a9c6eccba8ccd9b47d9765f77ff7b4401,18415813,2023-10-23 22:00:35
0xb1c2050fe3FeD704684fEF4769EA0439616104c1,48376842374026216,48678813599944426,0,0,111742395455001100465766,RemoveLiquidity,258,86,0xdd45278dda852d899c1ff2be9e4219566b36b4faaa98cbed84e0eea07098c14f,0xDC24316b9AE028F1497c275EB9192a3Ea0f67022,0x62c89e94ca50ade1c6246961ba1009d6a6ea39ccb2a2843af37c2211558b1cd4,18417458,2023-10-24 03:32:23
0xEa508F82728927454bd3ce853171b0e2705880D4,0,0,0,0,111522221474211560795843,RemoveLiquidity,315,134,0xa36fe8957ce648a44ec7c024fbf3ae3d5560451327f0bfc2ca521d8249a3a30d,0xDC24316b9AE028F1497c275EB9192a3Ea0f67022,0x2547eb492efcbaf84032a0bf8598888b687faefbd41d09646fcd7ce6aefdb93d,18423253,2023-10-24 23:00:23
0xEa508F82728927454bd3ce853171b0e2705880D4,0,0,0,0,111328915923168691255551,RemoveLiquidity,341,155,0x20437da9c3df600c134c0b8786291c2dc01ea582a6ec81f24b63863857b119fa,0xDC24316b9AE028F1497c275EB9192a3Ea0f67022,0x298154129d4496dbfc95d784eb62eadc346cbf1143bd90dbaac78123cee2194b,18430382,2023-10-25 23:00:23
0xEa508F82728927454bd3ce853171b0e2705880D4,0,0,0,0,111322310958746780614993,RemoveLiquidity,159,26,0x9af200737cd5a5425d206b8e57b012822af2636ead3fe4144d2a05f295f06e9f,0xDC24316b9AE028F1497c275EB9192a3Ea0f67022,0x68f33add747e6c19b8d3e5018f3c511112ffbe19a4fca291995e30e699bb5aca,18431757,2023-10-26 03:37:23
0x092625F5c3A8f7d0672cC291b10e92DeefD8fF30,199106709836248338,201130779811278056,0,0,111194686477322934638755,RemoveLiquidity,427,151,0xcb292f0099723f2dbd53a9d4b6136009f5215976c43a86e90194de373d34469b,0xDC24316b9AE028F1497c275EB9192a3Ea0f67022,0x4addb87547278b200c3417c123b06160a25db124f1955daa8ff7a91ae529b21b,18434273,2023-10-26 12:03:59
0xEa508F82728927454bd3ce853171b0e2705880D4,0,0,0,0,111202806525899527013812,RemoveLiquidity,564,144,0x096580ac22261186c0327783f7afae799742be99f8a4928c903ffd98f0ab90a9,0xDC24316b9AE028F1497c275EB9192a3Ea0f67022,0x77e935fd1cebd2c49acc690cb523de3fc8a0701b696fe3d832c51dd570840ab4,18437528,2023-10-26 23:00:23
0xEa508F82728927454bd3ce853171b0e2705880D4,0,0,0,0,111545089288438144306167,RemoveLiquidity,166,47,0xad8346a66021a4c8dddeaceaf8516f49ee03736fc31a37c08be315d2ad518427,0xDC24316b9AE028F1497c275EB9192a3Ea0f67022,0xf623451442886f9db6736fca51b530bb9d8512fcb0ef5d43b011d240866751b7,18444685,2023-10-27 23:00:23
0xEa508F82728927454bd3ce853171b0e2705880D4,0,0,0,0,111499174181200516612749,RemoveLiquidity,153,42,0x4fd864571ccd72eb54e886c1587a469413300cbc8043cbacc9804041cba0aae1,0xDC24316b9AE028F1497c275EB9192a3Ea0f67022,0x74606ce7472b797559751c1a7f852e267e367105f47d7704d6f162d23e161c87,18451831,2023-10-28 23:00:35
0xEa508F82728927454bd3ce853171b0e2705880D4,0,0,0,0,112331752252876040099391,RemoveLiquidity,333,121,0x730b28f784a2eaaebb37471defd23f5574397b159d95a415dd7d8393818ffa39,0xDC24316b9AE028F1497c275EB9192a3Ea0f67022,0x6ea590e32ef621a05d77a15910aef6f5b76e5c00d4ebd42eabeccb4f8de708d9,18459271,2023-10-30 00:00:35
0xEa508F82728927454bd3ce853171b0e2705880D4,0,0,0,0,112258145017012529223185,RemoveLiquidity,612,225,0x7d096c90646cde468a4e62e334afe1c4a1b1d5ebeb2a1aeb2221a072f2572a1d,0xDC24316b9AE028F1497c275EB9192a3Ea0f67022,0x23c354a8e016d9c9286ded56bb01f4e2e01f852fc0d38be89e140678c4ae9194,18466707,2023-10-31 01:00:11
0xD7aE5066D38e53a1d3eBb0054cB0710b7989802e,308848498744742133240,311361792350007000253,0,0,111548777140706550779763,RemoveLiquidity,61,54,0x14e297cefa1858c50309fd73c0a223ee8155c6b985d1bba1b19fb17726c9c517,0xDC24316b9AE028F1497c275EB9192a3Ea0f67022,0x916661df6a7be8d13fb81ca4c2c7a2ada0ea12d76c5b3b14313b6a07b6c67821,18471709,2023-10-31 17:50:23
0xEa508F82728927454bd3ce853171b0e2705880D4,0,0,0,0,111522670711291288883850,RemoveLiquidity,378,79,0xb1f45f5bdade67c17b74a720380364282b986ebcd531e3f7b0b54f15f8df2f66,0xDC24316b9AE028F1497c275EB9192a3Ea0f67022,0x87ce86ff9c1f5ebdb6fbfe1aa968a591e2fa9abbb93c57ca894ccb6e57b396ae,18473840,2023-11-01 01:00:23
0xEa508F82728927454bd3ce853171b0e2705880D4,0,0,0,0,111379538187664426537023,RemoveLiquidity,149,75,0x1006863a970ce11c81303466dc416041e67fe81131d0c47aa871409e97d25435,0xDC24316b9AE028F1497c275EB9192a3Ea0f67022,0x7e10b6570bcd7c20760362081b19233074a3a96eda3584b4deb463b512d8e4fd,18480993,2023-11-02 01:00:23
0xEa508F82728927454bd3ce853171b0e2705880D4,0,0,0,0,111314046606642723379676,RemoveLiquidity,343,124,0xfbf6209043da90a437af550e4f7e3ab50934017c182fc8c1adb95819076f7df4,0xDC24316b9AE028F1497c275EB9192a3Ea0f67022,0xfc452358a21a54c8557af844e98c6be61d60d50513890784ff490d6687b7186c,18488122,2023-11-03 01:00:23
0xEa508F82728927454bd3ce853171b0e2705880D4,0,0,0,0,111216927903037889161376,RemoveLiquidity,283,165,0x631eb27b202d8640bde191166d1554efa4f1195c9e2294997cde8d3fd1e89928,0xDC24316b9AE028F1497c275EB9192a3Ea0f67022,0xccb106f34c8a8fa0dd52091f7c622f3791ffca66fcc4d2683893e44639d69ec9,18495265,2023-11-04 01:00:23
0x29E2427152C755983382495CeBFCc8806E3299c6,35092506192082059,35273262544135253,0,0,111216862924066552163536,RemoveLiquidity,76,63,0x5f4e053071782771e22c5a41011e51a7221c1070b3cccf4fd88f23548c1af98e,0xDC24316b9AE028F1497c275EB9192a3Ea0f67022,0xf205a244872d6dc13bb6d4d2734506c17c3a35fc0559e48f7edc23dab5835e8d,18497463,2023-11-04 08:24:11
0xEa508F82728927454bd3ce853171b0e2705880D4,0,0,0,0,111235347175834640689287,RemoveLiquidity,478,207,0x0f4c55f23c551dafd4db65d3df8719aaf9238a241633298e9fe672f9a646f636,0xDC24316b9AE028F1497c275EB9192a3Ea0f67022,0xdc389fb7cfa6730b33c072f0541115f16769b3e1813358e10af75b825bc6989a,18502401,2023-11-05 01:00:35
0xEa508F82728927454bd3ce853171b0e2705880D4,0,0,0,0,111114517855107457090251,RemoveLiquidity,473,262,0x00bd11a842bb2c4a9dfb29e7a6cdaf0dcec0cbeb3708bf19b02bfa514050c6f7,0xDC24316b9AE028F1497c275EB9192a3Ea0f67022,0x616bd6cd17ca18a494f0a9e346e7e23d50e3994b4282a4b7172a6bdfe2f5917a,18509829,2023-11-06 02:00:11
0xEa508F82728927454bd3ce853171b0e2705880D4,0,0,0,0,111221408176259517446818,RemoveLiquidity,447,247,0x8db5d301fdedb9a46732067a86346d05d75e044fdeecff2b0ccc5dc9dd7c2296,0xDC24316b9AE028F1497c275EB9192a3Ea0f67022,0x27abc4e89ce3f2205f8b7cbaa69f0b609f9de991b1c4fac17042628e091fce29,18516964,2023-11-07 02:00:23
0xEa508F82728927454bd3ce853171b0e2705880D4,0,0,0,0,105368709012212239665815,RemoveLiquidity,271,80,0x585c5b5a0462e426641579616e7349ad0a93c71634e85b3e8eb14f0cd3c08dd3,0xDC24316b9AE028F1497c275EB9192a3Ea0f67022,0x6309632f91e60b28b179a9b81fb85dce1e1d2967d6073d22adf6e8ed36c0d10b,18524121,2023-11-08 02:00:23
0xaC86F57982301FEE6D9597f2c008333aE38765E7,35612017729806202,35885771414126149,0,0,105358257925697004995812,RemoveLiquidity,155,137,0x38f2c1179bd860ae2f7918794178b4b05dae2f9e7f643d429420d210d3f256f1,0xDC24316b9AE028F1497c275EB9192a3Ea0f67022,0x25696d0b815fb94eb8c53135922258cceb5224766fcf700dab50a951976ff130,18528044,2023-11-08 15:10:59
0xEa508F82728927454bd3ce853171b0e2705880D4,0,0,0,0,105306029709729805198460,RemoveLiquidity,233,69,0x54ee61c09ee6202be37419f6761ceb13f39b59352e61352b5006476f7a286742,0xDC24316b9AE028F1497c275EB9192a3Ea0f67022,0xb466116bad7f6567af7cec6f9822f72169deb50d61e0a1202cb3c17964ffee20,18531276,2023-11-09 02:00:23
0xEa508F82728927454bd3ce853171b0e2705880D4,0,0,0,0,105152871068418992713465,RemoveLiquidity,222,110,0x7606203c9394b5995c80031d0ae6b157ba806a0358135d4a9db3e0556f34142a,0xDC24316b9AE028F1497c275EB9192a3Ea0f67022,0x6d1d4c3ca75f5be46a20d2efcd4dc6e26a68208295a4d5d41f9d33eafaa16253,18538424,2023-11-10 02:00:23
0xEa508F82728927454bd3ce853171b0e2705880D4,0,0,0,0,105184898058549073866329,RemoveLiquidity,349,126,0x2eb1ede0e207e9959f89c5b09bf18a6034a461d413acbfa1897db46e81aed47a,0xDC24316b9AE028F1497c275EB9192a3Ea0f67022,0x1d738b5eebf3da6c49acfeae0fbc676308193bb2e34d92316802425c4ea054fd,18545577,2023-11-11 02:00:23
0x39C034Bf55a52Ae735b432fc59C1BDdaa5f6F51c,3399198539662011217,3461386657458334641,0,0,104753057238959008051305,RemoveLiquidity,145,82,0xfbfd5bf175841ed06ed7b24081ff1e623ec3e2977c4dc2713837e475c975aa8b,0xDC24316b9AE028F1497c275EB9192a3Ea0f67022,0xba50996e2053d4526a1744306982ea3fb16bcaaea80022ef3634d91bb986b1e4,18549908,2023-11-11 16:33:47
0xEa508F82728927454bd3ce853171b0e2705880D4,0,0,0,0,104723084399245527325178,RemoveLiquidity,292,109,0x64c5b63f073ea3022af2d2194de829551fe10720e517973367682c9a4cd9a920,0xDC24316b9AE028F1497c275EB9192a3Ea0f67022,0xe5c6e6fc64c29d0ac1a8eca853677c5c35672eef4c0d31021f3fa462bcbc7800,18552716,2023-11-12 02:00:23
0xEa508F82728927454bd3ce853171b0e2705880D4,0,0,0,0,104648801565086105112338,RemoveLiquidity,471,147,0xbe23812d419ad08b5f24222e5f8c5ab9dec80fddddea60e8890177baad3f477d,0xDC24316b9AE028F1497c275EB9192a3Ea0f67022,0x91bbbdca1e7cea652e1247b6b14bdc8a1e2eea5d337f121393770c0fdc61f2e4,18559866,2023-11-13 02:00:23
0xEa508F82728927454bd3ce853171b0e2705880D4,0,0,0,0,99695039506286688621727,RemoveLiquidity,307,60,0xa85493f75151b8e21ec0aa323118b4598b25f8d3e13d3bb66d5215be719fd053,0xDC24316b9AE028F1497c275EB9192a3Ea0f67022,0x869a500124ee1eba53f872451b9e777671e710c435c4d4a2800ce89107ddc0d0,18567017,2023-11-14 02:00:23
0xEa508F82728927454bd3ce853171b0e2705880D4,0,0,0,0,99661253791425093557837,RemoveLiquidity,333,116,0x01047b07ef17be96c61cd66485bb6a0f6650007064be94b736166e2b1cdaf47f,0xDC24316b9AE028F1497c275EB9192a3Ea0f67022,0xcd0be8d6f06d984f054a70439113f8b65cee793ea1ab437beb2c7741b3799e1a,18574178,2023-11-15 02:00:23
0xEa508F82728927454bd3ce853171b0e2705880D4,0,0,0,0,99013418589566328649954,RemoveLiquidity,218,87,0x9e87e338c3a62878054fe005c42d1e438d644369f89c616fe0d95177cda03752,0xDC24316b9AE028F1497c275EB9192a3Ea0f67022,0x242a0945aa00d34be5e14c799af64533aecb619e5459c853d186944eb345620a,18581620,2023-11-16 03:00:23
0x23273464D11275c2c2D363765BE120dB2aAa19C1,3975813017292131442,4025677721768382651,0,0,99006034623836810934064,RemoveLiquidity,88,51,0x345d23051e9cd88ba2e0527890903a005c395a88f33d1720863d714ddf6e90b6,0xDC24316b9AE028F1497c275EB9192a3Ea0f67022,0xf3923afd9e2a0621b92c188c3e7ae648278806effdd9cbf05e496e3eba7b6b5e,18581800,2023-11-16 03:36:35
0xA64e4dCB1Ed06A9658EC85Bb5BF66D6dEfdd6982,16744915192179055660,17079451615409446339,0,0,98974820747532749623452,RemoveLiquidity,914,49,0xebe78246a1f6769b89014210398bcb0600f8ac4467b91bcb8e9d90122fa4b0f9,0xDC24316b9AE028F1497c275EB9192a3Ea0f67022,0xae49db3f060f66c392977365b94a51453586828688128eed96c0c0778cd09e7e,18582755,2023-11-16 06:48:35
0xeF3a3737a7aEF456e67CAf52c606a434954a05cb,290121050093144354,292659041027769335,0,0,98996850622395834026298,RemoveLiquidity,188,71,0x2594d68a2fd8976230cefa7f188739971674c9357b2f2de9121fd6b8fb5bb169,0xDC24316b9AE028F1497c275EB9192a3Ea0f67022,0x16a05ce7d717bba497a5ba62d639657802f4f8c8e395c745b27527faa9440307,18584617,2023-11-16 13:02:35
0xEa508F82728927454bd3ce853171b0e2705880D4,0,0,0,0,98992852302886846574765,RemoveLiquidity,187,91,0x250c7ce29d2dda743a19db7cfea9187d9a32c595c8f80c0a65de6486f6acfa2c,0xDC24316b9AE028F1497c275EB9192a3Ea0f67022,0x18262c9923068c73654a776da8d1f0d630b844bb3749fe9b60f098a7bc7df313,18588781,2023-11-17 03:00:23
0xa101f25569b42beEdFd8c42964314F35E59947E6,74057724179858148,74791511097736898,0,0,98993665546359236800720,RemoveLiquidity,247,61,0x82b33c53d902dbdd153321db98c3794e0bd95d88e787787df9ec41c42060c5c6,0xDC24316b9AE028F1497c275EB9192a3Ea0f67022,0x606efcbb614af8304ef4341b0d213b561a9ab3f2661e0dd34344c487814c9784,18589691,2023-11-17 06:02:59
0x7535Ea43184DB443ceB08bECE981BFe2fEC07956,4862765475643552319,4890927696939384737,0,0,99096084221310386408920,RemoveLiquidity,184,84,0x2dfd344491229f1907d5db00ad688f48d0f4a946ab90d72a07ac42e7f818dbab,0xDC24316b9AE028F1497c275EB9192a3Ea0f67022,0xaf7ad9c37fa21c3cd94344a4962a3643c04c388ca1f7da0b6777b13ac3f0a4e7,18593416,2023-11-17 18:34:23
0xEa508F82728927454bd3ce853171b0e2705880D4,0,0,0,0,99094128054884344658670,RemoveLiquidity,564,202,0x5fcc88df7eeb672066ce9d796b03f7769373cf215843d8ce70229fd6ac28f294,0xDC24316b9AE028F1497c275EB9192a3Ea0f67022,0x70af48a29105216b6abadb834187188e900bcda5d419fb3e2f18b131a687a0de,18595924,2023-11-18 03:00:35
0xEa508F82728927454bd3ce853171b0e2705880D4,0,0,0,0,99111426340118621527804,RemoveLiquidity,312,160,0xe582be4dc893734301c66f1ab4e914ee02224d99c3cbb44dec3a346cd53e923d,0xDC24316b9AE028F1497c275EB9192a3Ea0f67022,0xc102ca3f7e025a861bac73794e752094c9656f8d66a60efd57769f10ff725e74,18603338,2023-11-19 04:00:23
0x8E9E38F6224dE3C40A5936946a8f7Aa35F89Fb3b,10389364277742619989,10413406165198732863,0,0,99074425898391541521598,RemoveLiquidity,271,149,0x8f861c528f44af3882956aa83a5d79a1a5b3e7cd31ae4684d2f5b0442682820f,0xDC24316b9AE028F1497c275EB9192a3Ea0f67022,0x3aab343eb6e51dfc892958e7d5fd2ce9b66b0dceb51e3e6502ce79ef85265723,18607509,2023-11-19 18:01:11
0xEa508F82728927454bd3ce853171b0e2705880D4,0,0,0,0,99074022241454698954452,RemoveLiquidity,259,97,0x865999357d384013dfbb2108dfa15f9e0e576039a735a013c660ed1c821a6d72,0xDC24316b9AE028F1497c275EB9192a3Ea0f67022,0xa93977b8e2e10513cdb332196d14360f8cc5f4f80c7b8b9b782b80b112754f47,18610478,2023-11-20 04:00:23
0xEa508F82728927454bd3ce853171b0e2705880D4,0,0,0,0,98988678932713178188995,RemoveLiquidity,179,72,0xaf5236f4af5969920c3b24f1c3be669af13191ec48484ef53dd5b30ad9396b06,0xDC24316b9AE028F1497c275EB9192a3Ea0f67022,0xd03e527e99a1f2fc8c78823881617fa96409050b9c6a1757dcc7188e101475ae,18617623,2023-11-21 04:00:23
0xEa508F82728927454bd3ce853171b0e2705880D4,0,0,0,0,98976967520393482824093,RemoveLiquidity,530,136,0xcd42c15b5a4f8136aa57d93486ecbbc8c79b593b910d7377cc7416474c1566cd,0xDC24316b9AE028F1497c275EB9192a3Ea0f67022,0x933642a455188b5f7472435a5acb9909b2f2946fafd698f6efda7fbef6a12811,18624763,2023-11-22 04:00:23
0x899CFC584a59e9252E63300E7CD428e1B39875a3,43036690535457641146,43437758855155546307,0,0,98917791092765468118626,RemoveLiquidity,342,251,0xfbbb210157fe69d2c7885f10b1680546a4db5a8796aaf2fed1bda9686f795ac2,0xDC24316b9AE028F1497c275EB9192a3Ea0f67022,0x810718c9880ce11fb34df501aad924c723ffd2705183f5cbedf4a57f3dc849a6,18631582,2023-11-23 02:54:35
0xEa508F82728927454bd3ce853171b0e2705880D4,0,0,0,0,98917791092765468118626,RemoveLiquidity,363,153,0xfc50d2d4e51c76ec7abab0352427e34f391180fd732cca83bb4a4e7cebd4f27b,0xDC24316b9AE028F1497c275EB9192a3Ea0f67022,0x4f4217472e7f36f1830ca1ea2cd24bcc4e518c9d27e15645515d97bfe8aa254c,18631911,2023-11-23 04:00:23
0xEa508F82728927454bd3ce853171b0e2705880D4,0,0,0,0,98677377055036287464277,RemoveLiquidity,317,138,0x043a081e96eec7a2cddeefc8d7aabb10fc1fe7115d5ddeb3164aff73260464e4,0xDC24316b9AE028F1497c275EB9192a3Ea0f67022,0x97407912dce3a36a4eee92bcf8fb429671dd46337a6bc68a19e29945a22fb232,18639048,2023-11-24 04:00:23
0xEa508F82728927454bd3ce853171b0e2705880D4,0,0,0,0,97529952967360464115906,RemoveLiquidity,447,164,0x37326849dc44df8ddf031090a8905760043a2ea0c4bcc23d74ee0f3b7dc0523c,0xDC24316b9AE028F1497c275EB9192a3Ea0f67022,0xbe6971012c486c07694d6d62acd51b597e3a1571ff7d5d7fc53cf036c4ba6bf5,18646188,2023-11-25 04:00:23
0x48A9789428F2067338D02B1EF3612DF64F05FeB7,6337104746041797206,6419663041165921802,0,0,97533872770403677014269,RemoveLiquidity,338,133,0x1c3c13833cda5fcb404ff7ddc9ea3ade0eab4d6a3a9c65cdd0602ffb75af8b91,0xDC24316b9AE028F1497c275EB9192a3Ea0f67022,0xc116aceacaa43cbd5d1780b8e7b59841359759f6849d8c5404dc3f6926607663,18648687,2023-11-25 12:23:35
0xEa508F82728927454bd3ce853171b0e2705880D4,0,0,0,0,98226904461339630329049,RemoveLiquidity,425,153,0x28438e642e3e6e907e6e2062d8ccefa3701afe0e02714653ee107ed08afbb179,0xDC24316b9AE028F1497c275EB9192a3Ea0f67022,0x29ee29ea16736b3e839ef7bc95dccd4aae9c7bc33cdfa2ce757d29c7b3b70ce9,18653325,2023-11-26 04:00:23
0xEa508F82728927454bd3ce853171b0e2705880D4,0,0,0,0,98075215086191830711337,RemoveLiquidity,504,240,0xe06fe288c28f0e156cdd1efed9d2a3cc35a6cdd8e6df4dc79b992ae6e832c237,0xDC24316b9AE028F1497c275EB9192a3Ea0f67022,0x6a104e4ab447edf99b75206a2eeb400c29a653ef06430c581e50e4dac2766903,18660759,2023-11-27 05:00:11
0x4Ec429916B7a9a1bf6a2398dbF2a1d2A72772514,2613095180060854594,2636329626038379220,0,0,98041401089456990505697,RemoveLiquidity,187,41,0xf27de8bf52f0768cb28e379836a0eefb2891f43ee226ae68797b1f5025e2a2be,0xDC24316b9AE028F1497c275EB9192a3Ea0f67022,0x4aabc1f08bbba548dd539cd69e6ea37b15e360c4d3ef598b3a2f3a950664bbd7,18662944,2023-11-27 12:20:59
0xEa508F82728927454bd3ce853171b0e2705880D4,0,0,0,0,98035092964016004922859,RemoveLiquidity,263,112,0xd7e33a46500982ec2c85434155b79d5d758cd22c1b87e2757f860d3063235c05,0xDC24316b9AE028F1497c275EB9192a3Ea0f67022,0x8aedd60474c59ae53968ab0ab5f5d20b6c6e2e9b8806f240a8101e8ba7396769,18667904,2023-11-28 05:00:23
0xEa508F82728927454bd3ce853171b0e2705880D4,0,0,0,0,98025849440355681026285,RemoveLiquidity,235,107,0x474ae07a2648f77ec7cb5d99433c0e1aba383445f31be28dc41fe41737ec2d45,0xDC24316b9AE028F1497c275EB9192a3Ea0f67022,0x3f5c45bf04094e9880fbc6de74ec7d82925af7df2a3f79ffdc438fbe21fc51cb,18675046,2023-11-29 05:00:35
0xEa508F82728927454bd3ce853171b0e2705880D4,0,0,0,0,98023003778747410565995,RemoveLiquidity,469,249,0x2f1a73ed432cb6cbefc03289bfc544ec99d80ad45034957201627399f2705cf5,0xDC24316b9AE028F1497c275EB9192a3Ea0f67022,0x7a3f2a007d8f0c997c4ef37ac8c32af52e145088b85672ceea1cafd69ba79353,18682496,2023-11-30 06:00:11
0xEa508F82728927454bd3ce853171b0e2705880D4,0,0,0,0,98015644300711285546778,RemoveLiquidity,293,203,0x16b9c8a93be2c300db6b3916151fd042b6e3a2ace3084384d7ab0e0b6e488c50,0xDC24316b9AE028F1497c275EB9192a3Ea0f67022,0x36cd7bbb3b5dbd52c68b53c6d9c3d892831fe4322ca04d61abfae026efd5e05a,18689638,2023-12-01 06:00:23
0x2ECc5E1f33dF963f8164B46B4c342695d87e1F16,505855942937806885,512693973878936617,0,0,98005638859023083486880,RemoveLiquidity,111,58,0xb539b7fdd5eef3fb4d4717549925f25f10490d903dc1e98c26e1d7795b421af9,0xDC24316b9AE028F1497c275EB9192a3Ea0f67022,0xe69c5c71d0a4d16a4a7723a9d388e15c45a8064560bfee9c68472dc98f2abaaf,18694329,2023-12-01 21:45:35
0x9497F8f9007a7143707B9f5636C693b3030422eF,9523350094560947,9571857923410216,0,0,97866491850225399641673,RemoveLiquidity,175,107,0xfc689c9e80b95d3324c806b8894a575eeb65466447e6456a7acde86b6e3b4b47,0xDC24316b9AE028F1497c275EB9192a3Ea0f67022,0x77907f645f370e7d28a3459ce4640d1106898d575567043d04696c2c043c89e6,18696338,2023-12-02 04:29:47
0xAcD9FfCD722DE8dB7351AB690D06BE4F56d33DdF,66997351802536803,67365534916765388,0,0,97866367961166141577508,RemoveLiquidity,351,136,0x3e80da1f18f8998e47e67081d2e67e44ccab601e7d373ce6db8adda3f836f38f,0xDC24316b9AE028F1497c275EB9192a3Ea0f67022,0x19b15584087832c1078562cc7e8f54e2c99e0cb7d0eb61313592f4c01bfaf679,18696717,2023-12-02 05:45:47
0xEa508F82728927454bd3ce853171b0e2705880D4,0,0,0,0,97866367961166141577508,RemoveLiquidity,187,84,0x1138ee7e304e507f16cfd300f2ac1696e1ba6f07b61296660c114ac6b3ab860c,0xDC24316b9AE028F1497c275EB9192a3Ea0f67022,0x823bfee44136f7c08e92ac4631d9f9ac568905e4b4d02cb369dfbf8fdd27b297,18696790,2023-12-02 06:00:23
0xEa508F82728927454bd3ce853171b0e2705880D4,0,0,0,0,97544954664944322078399,RemoveLiquidity,127,27,0x76b72ec0fa282f3dc7d9e3f4ef27a9e03d76f28276440fdbdd81961602f3a536,0xDC24316b9AE028F1497c275EB9192a3Ea0f67022,0x8cc9913fc890257053ba0880c17a3688f08ff1eb419160920772bc4e15d17cc0,18703944,2023-12-03 06:00:23
0x5b63B4929094C6A68C39F787939B5B318C47272c,37025665757323431346,37057624480065031269,0,0,97455475324021098084883,RemoveLiquidity,267,111,0xa795c7f09ab5e86346085733b4ab653a1cd0ec7e340d4115673b81d095a02ef6,0xDC24316b9AE028F1497c275EB9192a3Ea0f67022,0xbeaeb349b2bfa7ab96b6adfd190d22e8f5007f12d028ef7ad37fce7f9276cba2,18708803,2023-12-03 22:22:11
0xEa508F82728927454bd3ce853171b0e2705880D4,0,0,0,0,97455475324021098084883,RemoveLiquidity,306,99,0xd4694c9da8b7749eb13be4b5aa3f764e210fe1303241a65a169833906a4d1712,0xDC24316b9AE028F1497c275EB9192a3Ea0f67022,0x251ef5c40c6fa7b4fb97dbef17b1c6641aaf577bf2f70c53453ac5e8f105c71d,18711077,2023-12-04 06:00:23
0xEa508F82728927454bd3ce853171b0e2705880D4,0,0,0,0,97344231352996019434844,RemoveLiquidity,252,130,0x24a8b4b9d45ba30927025045762ab1e9e7b7a11fa6b78b5dbba0a051def8fdca,0xDC24316b9AE028F1497c275EB9192a3Ea0f67022,0xc50ebb121b357cb419b51746e8f0cae0faf46188f82ead5d6d592055e7e3e0e8,18718221,2023-12-05 06:00:23
0xEa508F82728927454bd3ce853171b0e2705880D4,0,0,0,0,97143650060966401160236,RemoveLiquidity,278,109,0x4533128441d6df06b89370b55f3a1eba815f06cc8405a20882da027b63f57ce0,0xDC24316b9AE028F1497c275EB9192a3Ea0f67022,0x1b26d41545de63947c9a29263ee2917b6931bcea245afaf02fb109ac65eac780,18725358,2023-12-06 06:00:23
0xEa508F82728927454bd3ce853171b0e2705880D4,0,0,0,0,97137938876984854886836,RemoveLiquidity,338,135,0xdc40e24fc93391b9e34004f57c0ca48a6a78255ed799c7fe6da039d690e9179f,0xDC24316b9AE028F1497c275EB9192a3Ea0f67022,0x4006cb87796117cfe13fc83f5b4a950da2920841b5ba7f44c36cd42b74bc7a33,18732790,2023-12-07 07:00:23
0xEa508F82728927454bd3ce853171b0e2705880D4,0,0,0,0,97110461762030085585702,RemoveLiquidity,211,131,0x9e12899ca8347cca03696086519d5677fac22090190fb87fb3e7391c77068b76,0xDC24316b9AE028F1497c275EB9192a3Ea0f67022,0x7a14f2750d17e360371fdfdb94ea85c567683fc277400e592559aec430858cf2,18739913,2023-12-08 07:00:23
0xD9cfCA2ed13A156F3092532175ED547D5a40F599,339663241182151487657,342871490316853086992,0,0,96475855302765408844134,RemoveLiquidity,340,149,0x49c4f0a214fe158179e32cd71c3977667edfc7133c1634421bb4e57713405aca,0xDC24316b9AE028F1497c275EB9192a3Ea0f67022,0x89fcef5b375147b8f516a4aff6f139b7b9b59abd3e941478b8ec58bf8c0db5c6,18742665,2023-12-08 16:14:47
0xEa508F82728927454bd3ce853171b0e2705880D4,0,0,0,0,96354582394468697609981,RemoveLiquidity,160,100,0x08e745a30e0cdc0ea27d0bc7dcfde0c03ce800897a941402c8f661b5ba5c15d7,0xDC24316b9AE028F1497c275EB9192a3Ea0f67022,0x930751ac4622e468344251aaad69c8cf5740aa821d6e5ce94d0c61b925e96348,18747341,2023-12-09 08:00:23
0xd5025A2071E9CDf36CD7BB9A22e9aE44F20cF530,239789912111475178383,243401604141305184271,0,0,95864532645090040271690,RemoveLiquidity,286,150,0x0c3ca33dfd0373895d6a80d8df53afd817df2782555e0418b029e2bd63fb49c9,0xDC24316b9AE028F1497c275EB9192a3Ea0f67022,0x25e85dd4c0494278facc93232431f2e6942c623fb5b08825a53f1a9fa902c580,18751335,2023-12-09 21:26:35
0xe2ba0833f1FbA2788020930335E89aA0E60A7015,27851853795516420884,28211663639484308058,0,0,95974935748716822358116,RemoveLiquidity,248,101,0xf63df74f7171915e5e7c97ebeffdf650d54faa6221bf78025929597956db9ad6,0xDC24316b9AE028F1497c275EB9192a3Ea0f67022,0x02ee7ea79ef3b9236644dd22b53dde329a9ff25639ebdc12e05933f9f221b071,18753059,2023-12-10 03:13:59
0xA51bD2DF95a6847118E3E5e4AA979ead98e8B126,501584653051856987,512990695255609005,0,0,95971691089320357354884,RemoveLiquidity,274,73,0xd87ea276a27098c122fd48ac45c4bfeee4b223c78d763cc251de4fbcd9bd57a6,0xDC24316b9AE028F1497c275EB9192a3Ea0f67022,0x4158e19e58d320d52646c3e242cbb4b3af0274ec041eac1fbec7bb87d4f5da97,18754172,2023-12-10 06:58:35
0xEa508F82728927454bd3ce853171b0e2705880D4,0,0,0,0,95971691089320357354884,RemoveLiquidity,206,93,0x84b91f4ce7644b04ec1ddc041b87a7382ec5734f21adefafea79c413baaaf5c5,0xDC24316b9AE028F1497c275EB9192a3Ea0f67022,0x4ec8ed88581ea54fcfa415ee30b86edc981dd6b308b9713140a3f4eb8c6d2409,18754478,2023-12-10 08:00:23
0x9BAcdf0b750f589686Cd8CB0e5c7d962C4CC4EfB,893765498819403030,914191331198746565,0,0,95970024840005244051975,RemoveLiquidity,302,123,0x90ad3dd7f391b0ceab26d01b21593f12f8853da24b492deda2166629936b4fd3,0xDC24316b9AE028F1497c275EB9192a3Ea0f67022,0xf9a5e8c0a6bce8b2efb341828f23ccff092de3115b5cc0421c98e458cba219de,18754748,2023-12-10 08:54:47
0x16778a326D2DF815F69Cd2e95A75dC4491d97887,281034696826950281,285602197121100144,0,0,95969148873802235547646,RemoveLiquidity,347,176,0x2f46a10bf55dd524bc904fdb0fba493ad18e008a4e74329170d3f06af425f9e7,0xDC24316b9AE028F1497c275EB9192a3Ea0f67022,0x5543964ecab12775c0b5afbfda9211085d90e0b1e2dc160b4fb6ad75233b66eb,18755797,2023-12-10 12:25:47
0xB1aD64854136D039c16BBF7411a4396a1ddC8C28,2229183814295610474,2265283625327427153,0,0,95965006877729929981716,RemoveLiquidity,207,132,0x1b710a252d3856ccdafa193a664f23aae1371f9b32b4304959ed6b01595749cc,0xDC24316b9AE028F1497c275EB9192a3Ea0f67022,0x34f51c7028251c50ac129ac996726050760237e6472d388460bb9833ffcb6f43,18756030,2023-12-10 13:12:35
